modelo,acuracia,precisao_macro,recall_macro,f1_macro
CNN simples,0.7185185185185186,0.5368817204301076,0.5207979626485569,0.5266764286250657
VGG16 TL,0.5111111111111111,0.2676767676767677,0.2784380305602716,0.27280405405405406
